,count,mean,std,min,25%,50%,75%,max
target,8.0,0.5,0.5345224838248488,0.0,0.0,0.5,1.0,1.0
x,8.0,4.5,2.449489742783178,1.0,2.75,4.5,6.25,8.0
