,PassengerId,Pclass,Age,SibSp,Parch,Fare
PassengerId,1.0,-0.046921518522734476,-0.04439352509142759,-0.011340026792904717,0.04646604748529638,-0.015722537803610034
Pclass,-0.046921518522734615,1.0,-0.30587623344676035,0.04162494004936836,0.14322008688311147,-0.5278578862752243
Age,-0.04439352509142765,-0.30587623344675996,1.0,-0.09665380491244327,-0.04424702167326754,0.1275831894386314
SibSp,-0.011340026792904665,0.041624940049368675,-0.09665380491244274,1.0,0.2563649613094978,0.14260771674634753
Parch,0.04646604748529652,0.14322008688311133,-0.04424702167326747,0.25636496130949793,1.0,0.2514173715304396
Fare,-0.015722537803610045,-0.527857886275225,0.12758318943863106,0.14260771674634776,0.2514173715304397,1.0
