column,missing_rate,target_mean_diff_notnull_minus_null
Cabin,0.7822966507177034,-0.6261383876062775
Age,0.20574162679425836,0.18394508265620613
Fare,0.0023923444976076554,-0.5995203836930456
