column,missing_rate,target_mean_diff_notnull_minus_null
Cabin,0.7710437710437711,-0.33102149156605876
Age,0.19865319865319866,0.29444998338318373
